Buffer,Pontos,Code,Latitude,Longitude,Latas,verde_kg,verde_kg_total_plantas,verde_sc_ha,maduro_kg,maduro_kg_total_plantas,maduro_sc_ha,20230810_EVI,20230810_GNDVI,20230810_NDRE,20230810_NDVI,20230810_NDWI,20230819_EVI,20230819_GNDVI,20230819_NDRE,20230819_NDVI,20230819_NDWI,20230825_EVI,20230825_GNDVI,20230825_NDRE,20230825_NDVI,20230825_NDWI,20231201_EVI,20231201_GNDVI,20231201_NDRE,20231201_NDVI,20231201_NDWI,20231204_EVI,20231204_GNDVI,20231204_NDRE,20231204_NDVI,20231204_NDWI,20231206_EVI,20231206_GNDVI,20231206_NDRE,20231206_NDVI,20231206_NDWI,20231208_EVI,20231208_GNDVI,20231208_NDRE,20231208_NDVI,20231208_NDWI,20231211_EVI,20231211_GNDVI,20231211_NDRE,20231211_NDVI,20231211_NDWI,20231223_EVI,20231223_GNDVI,20231223_NDRE,20231223_NDVI,20231223_NDWI,20231105_EVI,20231105_GNDVI,20231105_NDRE,20231105_NDVI,20231105_NDWI,20231111_EVI,20231111_GNDVI,20231111_NDRE,20231111_NDVI,20231111_NDWI,20231112_EVI,20231112_GNDVI,20231112_NDRE,20231112_NDVI,20231112_NDWI,20231115_EVI,20231115_GNDVI,20231115_NDRE,20231115_NDVI,20231115_NDWI,20231122_EVI,20231122_GNDVI,20231122_NDRE,20231122_NDVI,20231122_NDWI,20231124_EVI,20231124_GNDVI,20231124_NDRE,20231124_NDVI,20231124_NDWI,20231129_EVI,20231129_GNDVI,20231129_NDRE,20231129_NDVI,20231129_NDWI,20231130_EVI,20231130_GNDVI,20231130_NDRE,20231130_NDVI,20231130_NDWI,20231009_EVI,20231009_GNDVI,20231009_NDRE,20231009_NDVI,20231009_NDWI,20231013_EVI,20231013_GNDVI,20231013_NDRE,20231013_NDVI,20231013_NDWI,20231018_EVI,20231018_GNDVI,20231018_NDRE,20231018_NDVI,20231018_NDWI,20231019_EVI,20231019_GNDVI,20231019_NDRE,20231019_NDVI,20231019_NDWI,20231031_EVI,20231031_GNDVI,20231031_NDRE,20231031_NDVI,20231031_NDWI,20230910_EVI,20230910_GNDVI,20230910_NDRE,20230910_NDVI,20230910_NDWI,20230925_EVI,20230925_GNDVI,20230925_NDRE,20230925_NDVI,20230925_NDWI,20230927_EVI,20230927_GNDVI,20230927_NDRE,20230927_NDVI,20230927_NDWI,20230928_EVI,20230928_GNDVI,20230928_NDRE,20230928_NDVI,20230928_NDWI,20240417_EVI,20240417_GNDVI,20240417_NDRE,20240417_NDVI,20240417_NDWI,20240418_EVI,20240418_GNDVI,20240418_NDRE,20240418_NDVI,20240418_NDWI,20240425_EVI,20240425_GNDVI,20240425_NDRE,20240425_NDVI,20240425_NDWI,20240430_EVI,20240430_GNDVI,20240430_NDRE,20240430_NDVI,20240430_NDWI,20240201_EVI,20240201_GNDVI,20240201_NDRE,20240201_NDVI,20240201_NDWI,20240214_EVI,20240214_GNDVI,20240214_NDRE,20240214_NDVI,20240214_NDWI,20240229_EVI,20240229_GNDVI,20240229_NDRE,20240229_NDVI,20240229_NDWI,20240101_EVI,20240101_GNDVI,20240101_NDRE,20240101_NDVI,20240101_NDWI,20240111_EVI,20240111_GNDVI,20240111_NDRE,20240111_NDVI,20240111_NDWI,20240117_EVI,20240117_GNDVI,20240117_NDRE,20240117_NDVI,20240117_NDWI,20240503_EVI,20240503_GNDVI,20240503_NDRE,20240503_NDVI,20240503_NDWI,20240512_EVI,20240512_GNDVI,20240512_NDRE,20240512_NDVI,20240512_NDWI,20240513_EVI,20240513_GNDVI,20240513_NDRE,20240513_NDVI,20240513_NDWI,20240515_EVI,20240515_GNDVI,20240515_NDRE,20240515_NDVI,20240515_NDWI,20240517_EVI,20240517_GNDVI,20240517_NDRE,20240517_NDVI,20240517_NDWI,20240520_EVI,20240520_GNDVI,20240520_NDRE,20240520_NDVI,20240520_NDWI,20240521_EVI,20240521_GNDVI,20240521_NDRE,20240521_NDVI,20240521_NDWI,20240525_EVI,20240525_GNDVI,20240525_NDRE,20240525_NDVI,20240525_NDWI,20240529_EVI,20240529_GNDVI,20240529_NDRE,20240529_NDVI,20240529_NDWI,20240301_EVI,20240301_GNDVI,20240301_NDRE,20240301_NDVI,20240301_NDWI,20240305_EVI,20240305_GNDVI,20240305_NDRE,20240305_NDVI,20240305_NDWI,20240307_EVI,20240307_GNDVI,20240307_NDRE,20240307_NDVI,20240307_NDWI,20240317_EVI,20240317_GNDVI,20240317_NDRE,20240317_NDVI,20240317_NDWI,20240318_EVI,20240318_GNDVI,20240318_NDRE,20240318_NDVI,20240318_NDWI,20240319_EVI,20240319_GNDVI,20240319_NDRE,20240319_NDVI,20240319_NDWI,20240322_EVI,20240322_GNDVI,20240322_NDRE,20240322_NDVI,20240322_NDWI,20240324_EVI,20240324_GNDVI,20240324_NDRE,20240324_NDVI,20240324_NDWI,20240330_EVI,20240330_GNDVI,20240330_NDRE,20240330_NDVI,20240330_NDWI
buffer_6,6,2Z9V-0LH-F7GW,"15°36'33.106""S","40°40'50.320""W",3.5,8.4,5250,87.5,6.3,3937.5,65.625,-1.97173E-05,0.068300237,0.221186662,0.274842028,-0.068300237,-0.000134392,0.356905328,0.334251741,0.519387831,-0.356905328,-0.000125082,0.308588988,0.295059636,0.4326239,-0.308588988,-0.000240901,0.261941375,0.221784151,0.319611982,-0.261941375,-0.000167844,0.286953806,0.255684901,0.360153618,-0.286953806,-0.000123659,0.263519243,0.231019759,0.329871978,-0.263519243,-7.28153E-05,0.19978384,0.202935771,0.254281234,-0.19978384,-0.000229621,0.274967557,0.205892415,0.324432332,-0.274967557,-0.000187156,0.29631209,0.285006229,0.408031498,-0.29631209,-0.000167866,0.35923861,0.375970729,0.524547589,-0.35923861,-0.000240198,0.326363929,0.263414353,0.429852911,-0.326363929,-0.000257661,0.331038301,0.276037224,0.42223154,-0.331038301,-0.000180429,0.27497084,0.222734445,0.337702251,-0.27497084,-0.000324904,0.290085339,0.199979348,0.3365398,-0.290085339,-0.000495756,0.291645817,0.222707609,0.325923064,-0.291645817,-7.58174E-05,0.167434457,0.162692165,0.236280497,-0.167434457,-0.000165397,0.281403025,0.243681794,0.347794901,-0.281403025,-0.000222877,0.397351208,0.374597861,0.566418518,-0.397351208,-0.000262074,0.345467602,0.308472717,0.483858606,-0.345467602,-0.000253648,0.378091357,0.321087835,0.521435492,-0.378091357,-0.000209779,0.367195317,0.329549876,0.509231789,-0.367195317,-0.000133221,0.315674243,0.330506015,0.491663724,-0.315674243,-7.47122E-05,0.292812576,0.319536763,0.534891697,-0.292812576,-0.000143081,0.301461497,0.298835429,0.42639492,-0.301461497,-0.000161061,0.326644404,0.29812123,0.458480401,-0.326644404,-0.000139021,0.305439319,0.283897915,0.436763849,-0.305439319,-9.58177E-05,0.358728055,0.402949155,0.567156334,-0.358728055,-0.00023133,0.435402946,0.417584116,0.615693583,-0.435402946,-0.000242556,0.470633917,0.465411445,0.671442135,-0.470633917,-0.000224735,0.460519516,0.459790362,0.647241603,-0.460519516,-0.000256651,0.396904685,0.42045695,0.627823776,-0.396904685,-0.000192487,0.324833746,0.318312142,0.47500994,-0.324833746,-0.000358779,0.480526103,0.489757828,0.66124577,-0.480526103,-0.00012767,0.305976474,0.298920071,0.436209383,-0.305976474,-0.000254651,0.399611131,0.340886975,0.572238589,-0.399611131,-0.000267556,0.431255382,0.423265357,0.586421371,-0.431255382,-0.000226831,0.483692871,0.490945335,0.661825449,-0.483692871,-0.000135095,0.403249552,0.4379217,0.573342885,-0.403249552,-0.000169247,0.435027333,0.434752491,0.585332699,-0.435027333,-0.000127929,0.414529326,0.43722575,0.577057696,-0.414529326,-9.53596E-05,0.33409266,0.370350016,0.508051696,-0.33409266,-0.000126315,0.40138984,0.406888768,0.56304525,-0.40138984,-0.000123857,0.421278985,0.448128395,0.57463543,-0.421278985,-0.000150008,0.452745605,0.435811011,0.61822433,-0.452745605,-0.000140953,0.358011437,0.375666914,0.515919123,-0.358011437,-0.000428913,0.524285503,0.527078215,0.698311118,-0.524285503,-0.000570945,0.544665194,0.516649456,0.733715266,-0.544665194,-0.000362485,0.517984852,0.500093195,0.722433016,-0.517984852,-0.000383501,0.461733018,0.433748768,0.644177059,-0.461733018,-0.000315699,0.427426728,0.410988242,0.597486115,-0.427426728,-0.00030651,0.430623175,0.385781517,0.583128778,-0.430623175,-0.000276819,0.442496914,0.415899884,0.573672392,-0.442496914,-0.000396452,0.438882261,0.405337898,0.574490204,-0.438882261,-0.000206264,0.431237826,0.420809355,0.598360374,-0.431237826
buffer_5,5,2Z9V-0LH-TM3G,"15°36'33.954""S","40°40'51.205""W",2.3,5.52,3450,57.5,4.14,2587.5,43.125,-1.8933E-05,0.056171018,0.214012432,0.280550875,-0.056171018,-0.000135197,0.358203421,0.325729739,0.528544047,-0.358203421,-0.000109101,0.306497184,0.295963455,0.459519752,-0.306497184,-0.000278268,0.29646766,0.24471594,0.365710456,-0.29646766,-0.000208691,0.304644977,0.264885803,0.382766024,-0.304644977,-0.00017022,0.29706581,0.283588929,0.356066216,-0.29706581,-7.8182E-05,0.222722992,0.189261827,0.291410897,-0.222722992,-0.000331737,0.272094753,0.209595034,0.335695609,-0.272094753,-0.0002033,0.28563268,0.292334498,0.409782184,-0.28563268,-0.000152078,0.296581424,0.306939475,0.421598769,-0.296581424,-0.000230425,0.331866813,0.273283035,0.456472757,-0.331866813,-0.000236151,0.330060659,0.274227362,0.403778615,-0.330060659,-0.000183821,0.277982319,0.236083756,0.360444033,-0.277982319,-0.000137806,0.274946844,0.220549475,0.37023507,-0.274946844,-0.000403781,0.302054382,0.242964555,0.351508037,-0.302054382,-8.75348E-05,0.18583299,0.171954006,0.263490007,-0.18583299,-0.000210711,0.309521507,0.255514459,0.385282396,-0.309521507,-0.000231498,0.302266842,0.283414694,0.38540081,-0.302266842,-0.000239667,0.317897356,0.273106131,0.413207827,-0.317897356,-0.000236367,0.351305628,0.281215241,0.459330803,-0.351305628,-0.000218728,0.313448847,0.270124363,0.41140627,-0.313448847,-0.000108812,0.272989732,0.294753889,0.423868725,-0.272989732,-9.25903E-05,0.354290373,0.351780684,0.607276402,-0.354290373,-0.000131872,0.281315058,0.292731753,0.396806726,-0.281315058,-0.000166691,0.300759283,0.269799176,0.388436,-0.300759283,-0.000125822,0.268936307,0.248359028,0.379841514,-0.268936307,-0.000107598,0.368805108,0.392218035,0.548632977,-0.368805108,-0.000239413,0.475965597,0.459836747,0.682423809,-0.475965597,-0.000261787,0.490173574,0.476323646,0.696086714,-0.490173574,-0.000230285,0.457886475,0.467835666,0.650513441,-0.457886475,-0.000338628,0.418423499,0.423831005,0.630750496,-0.418423499,-0.000450169,0.386253492,0.355010341,0.528523771,-0.386253492,-0.000342786,0.487675999,0.504233319,0.681743373,-0.487675999,-0.000165613,0.318502844,0.30377593,0.434575477,-0.318502844,-0.00035443,0.397527788,0.341408797,0.560415845,-0.397527788,-0.000399392,0.433325653,0.408527021,0.570610186,-0.433325653,-0.000239915,0.483813491,0.470326976,0.675023354,-0.483813491,-0.000172697,0.43200483,0.454254525,0.612352864,-0.43200483,-0.000188413,0.464101151,0.482095598,0.626441906,-0.464101151,-0.000130006,0.42667246,0.438483345,0.599221566,-0.42667246,-0.000137218,0.378538242,0.385299248,0.556750756,-0.378538242,-0.000133825,0.429659108,0.433447402,0.607913475,-0.429659108,-0.000140714,0.441517627,0.467330564,0.609182125,-0.441517627,-0.000159605,0.455306894,0.421486151,0.634530894,-0.455306894,-0.000146398,0.362702636,0.377073596,0.519100829,-0.362702636,-0.000592068,0.507673304,0.48100238,0.676910737,-0.507673304,-0.000597882,0.537181854,0.502939142,0.725783919,-0.537181854,-0.00034903,0.513307578,0.498572213,0.732990251,-0.513307578,-0.000452929,0.496575784,0.478554293,0.687260836,-0.496575784,-0.000267446,0.44636378,0.417567626,0.622189871,-0.44636378,-0.000321283,0.453158074,0.41013502,0.625001884,-0.453158074,-0.000335718,0.462572755,0.448044893,0.599210815,-0.462572755,-0.00040821,0.448036034,0.401395927,0.589808966,-0.448036034,-0.000152683,0.396474158,0.406532039,0.561869507,-0.396474158
buffer_4,4,2Z9V-0LH-N0S0,"15°36'34.526""S","40°40'54.860""W",3.1,7.44,4650,77.5,5.58,3487.5,58.125,-2.40312E-05,0.084971352,0.214905575,0.308322875,-0.084971352,-0.000117814,0.348517153,0.335355022,0.523199063,-0.348517153,-0.000123585,0.322279174,0.306984364,0.468216772,-0.322279174,-0.000222426,0.269124732,0.225886163,0.342222956,-0.269124732,-0.000150961,0.285598312,0.253730383,0.376771066,-0.285598312,-0.000116216,0.274020941,0.250017156,0.360744647,-0.274020941,-6.28568E-05,0.192519875,0.227199829,0.256468066,-0.192519875,-0.000198739,0.289845791,0.224988231,0.36099945,-0.289845791,-0.000191039,0.294643543,0.301342308,0.443757159,-0.294643543,-0.000117579,0.283232876,0.300099991,0.408480988,-0.283232876,-0.000208926,0.336629354,0.295595761,0.44606282,-0.336629354,-0.000145146,0.286117398,0.252866485,0.397420809,-0.286117398,-8.99199E-05,0.199964752,0.190505663,0.290318044,-0.199964752,-0.000193773,0.273263859,0.212686586,0.3480695,-0.273263859,-0.000238425,0.27842559,0.230966996,0.340308582,-0.27842559,-8.35688E-05,0.190503916,0.199208389,0.290689594,-0.190503916,-0.000156245,0.294751803,0.248790115,0.388713026,-0.294751803,-0.000129316,0.272966616,0.250554817,0.385614361,-0.272966616,-0.000201055,0.317372953,0.278770834,0.421855406,-0.317372953,-0.000220522,0.337446154,0.291064689,0.448285611,-0.337446154,-0.000147782,0.28520315,0.257456004,0.405272785,-0.28520315,-9.44124E-05,0.257377155,0.282025483,0.424603374,-0.257377155,-0.000150309,0.409678049,0.382163902,0.659793302,-0.409678049,-0.000116001,0.288039445,0.288726022,0.411121008,-0.288039445,-0.000150751,0.308905409,0.270121091,0.417025789,-0.308905409,-0.000118016,0.283772715,0.265581318,0.396424334,-0.283772715,-7.2931E-05,0.257148312,0.304019078,0.442178839,-0.257148312,-0.000213234,0.46358177,0.427008479,0.664316961,-0.46358177,-0.000273559,0.495950584,0.498628188,0.718579699,-0.495950584,-0.000190832,0.460815731,0.448560629,0.650086009,-0.460815731,-0.000306625,0.413501905,0.431643393,0.609850524,-0.413501905,-0.000104102,0.310075245,0.310425337,0.497967322,-0.310075245,-0.000326253,0.509865153,0.531610893,0.709366077,-0.509865153,-0.000121281,0.285042745,0.265911114,0.404354407,-0.285042745,-0.000256373,0.385259857,0.335054999,0.540604036,-0.385259857,-0.00022216,0.388038749,0.374770631,0.538496407,-0.388038749,-0.000226542,0.485167413,0.48391741,0.673901736,-0.485167413,-0.000128622,0.404839595,0.418847741,0.575665253,-0.404839595,-0.000187359,0.481005327,0.480554927,0.640661377,-0.481005327,-0.000136502,0.452398424,0.472375829,0.634433718,-0.452398424,-0.000184195,0.432010819,0.427263023,0.605420873,-0.432010819,-0.000135593,0.457970953,0.44946307,0.654240577,-0.457970953,-0.000126947,0.451707103,0.488566273,0.623979514,-0.451707103,-0.000131325,0.437134726,0.42791885,0.631157601,-0.437134726,-0.000142306,0.349545044,0.374064516,0.51219318,-0.349545044,-0.000541022,0.521798287,0.510139617,0.697056383,-0.521798287,-0.000440579,0.538673811,0.519049654,0.737821849,-0.538673811,-0.000295337,0.504601067,0.493469273,0.712401185,-0.504601067,-0.000340251,0.486927211,0.468470631,0.666857061,-0.486927211,-0.00027582,0.439523882,0.413189482,0.602761079,-0.439523882,-0.000294189,0.462013776,0.422849834,0.627248406,-0.462013776,-0.000309504,0.460205044,0.442198729,0.592978029,-0.460205044,-0.000351176,0.4711785,0.419325599,0.637276491,-0.4711785,-0.000194081,0.421658675,0.401994147,0.597816568,-0.421658675
buffer_3,3,2Z9V-0LH-7KJH,"15°36'35.996""S","40°40'51.813""W",4,9.6,6000,100,7.2,4500,75,-1.82794E-05,0.057423624,0.229711654,0.281448165,-0.057423624,-0.000112009,0.355155034,0.343133771,0.536938425,-0.355155034,-0.000115602,0.330809333,0.350302448,0.492281815,-0.330809333,-0.000249414,0.300094534,0.251958038,0.37224231,-0.300094534,-0.000194766,0.313608802,0.273480072,0.391200958,-0.313608802,-0.000144271,0.297415283,0.254244807,0.384716566,-0.297415283,-7.98626E-05,0.226414714,0.232513954,0.302589534,-0.226414714,-0.000186928,0.291042604,0.227944966,0.369949067,-0.291042604,-0.000194039,0.298060207,0.304711617,0.413013204,-0.298060207,-0.000159262,0.380052108,0.417202595,0.575820834,-0.380052108,-0.000258317,0.378610914,0.332154033,0.538711693,-0.378610914,-0.000325597,0.372438892,0.342000649,0.493123889,-0.372438892,-0.00020604,0.313086827,0.250485266,0.382710736,-0.313086827,-0.000125242,0.272161856,0.220421289,0.36358458,-0.272161856,-0.001350479,0.333019353,0.247964347,0.358481546,-0.333019353,-9.54196E-05,0.193652273,0.190132326,0.285217119,-0.193652273,-0.000206511,0.310257916,0.27329094,0.391502306,-0.310257916,-0.000176491,0.379609792,0.360963242,0.54442238,-0.379609792,-0.000227114,0.379414279,0.3454841,0.544158689,-0.379414279,-0.000258475,0.43029562,0.366563962,0.591037135,-0.43029562,-0.000208927,0.401970636,0.364867711,0.56267538,-0.401970636,-0.000139755,0.352455207,0.370820225,0.523733547,-0.352455207,-0.000166327,0.415728191,0.3973087,0.670336278,-0.415728191,-0.000135484,0.322653774,0.335242391,0.45214393,-0.322653774,-0.000173279,0.327109822,0.290398174,0.455507069,-0.327109822,-0.000142161,0.313666003,0.302426208,0.458881409,-0.313666003,-0.000142297,0.418546293,0.417313991,0.643021318,-0.418546293,-0.000257974,0.50535502,0.481647504,0.732734992,-0.50535502,-0.000290716,0.502682293,0.502043737,0.757108109,-0.502682293,-0.000268082,0.497731674,0.506740875,0.711968102,-0.497731674,-0.000358282,0.441400154,0.454040872,0.63448188,-0.441400154,-0.000170126,0.329011029,0.328620902,0.544111543,-0.329011029,-0.000390395,0.525250486,0.551048555,0.724259772,-0.525250486,-0.000128328,0.305726772,0.290588116,0.43909869,-0.305726772,-0.000259819,0.407938686,0.359814602,0.59242875,-0.407938686,-0.000286469,0.430256726,0.410400942,0.600330804,-0.430256726,-0.00023003,0.523235798,0.519264522,0.744463428,-0.523235798,-0.000195693,0.461092471,0.464676576,0.65626753,-0.461092471,-0.000199108,0.484814981,0.489357366,0.656159226,-0.484814981,-0.000141168,0.453605513,0.448168144,0.64379181,-0.453605513,-0.000161181,0.417331107,0.412720269,0.605846477,-0.417331107,-0.000154537,0.474095945,0.473839191,0.656021886,-0.474095945,-0.000142145,0.479931904,0.518833593,0.672339464,-0.479931904,-0.000166833,0.483342296,0.476671591,0.681841472,-0.483342296,-0.000142986,0.377808991,0.379031233,0.549196832,-0.377808991,-0.000667134,0.553928024,0.530080417,0.739866171,-0.553928024,-0.000646612,0.567001975,0.537361123,0.777819477,-0.567001975,-0.000366506,0.543270947,0.530687648,0.767544747,-0.543270947,-0.000370911,0.514183547,0.514171157,0.721151066,-0.514183547,-0.000308163,0.473761388,0.464138443,0.628541927,-0.473761388,-0.00032634,0.485063553,0.449054815,0.676627538,-0.485063553,-0.000293048,0.495675092,0.490494559,0.676094273,-0.495675092,-0.000354846,0.475926969,0.440567522,0.646868158,-0.475926969,-0.000250043,0.475957459,0.449513692,0.671444829,-0.475957459
buffer_1,1,2Z9V-0LH-11JK,"15°36'38.001""S","40°40'53.695""W",3,7.2,4500,75,5.4,3375,56.25,-2.69538E-05,0.128137908,0.213402694,0.319571596,-0.128137908,-0.000107117,0.31681177,0.30491836,0.484019657,-0.31681177,-0.00011232,0.302472368,0.30620277,0.433611187,-0.302472368,-0.000270884,0.289259425,0.254278488,0.340983509,-0.289259425,-0.000197192,0.300726956,0.263271382,0.381186504,-0.300726956,-0.000147402,0.275118377,0.239405809,0.340256029,-0.275118377,-8.29706E-05,0.206856245,0.220603401,0.297316863,-0.206856245,-0.000229735,0.291733742,0.222920002,0.354662022,-0.291733742,-0.000176439,0.27640136,0.276241757,0.40218647,-0.27640136,-0.000187548,0.373156502,0.394967607,0.566138427,-0.373156502,-0.000271867,0.355951796,0.295894434,0.48182079,-0.355951796,-0.000304794,0.34959093,0.291056265,0.451613605,-0.34959093,-0.000199624,0.292509948,0.235357237,0.365456993,-0.292509948,-6.82096E-05,0.221050979,0.194542091,0.32004572,-0.221050979,-0.00059937,0.302132734,0.237998756,0.343672062,-0.302132734,-8.72813E-05,0.188992758,0.171665632,0.285987681,-0.188992758,-0.000227914,0.304655546,0.261313837,0.37103872,-0.304655546,-0.000224461,0.39814306,0.384409836,0.578014156,-0.39814306,-0.000244582,0.39059575,0.363051387,0.571099642,-0.39059575,-0.000282998,0.418088221,0.333630114,0.587055458,-0.418088221,-0.000216384,0.377918853,0.362676277,0.556419975,-0.377918853,-0.000135303,0.336733985,0.357317886,0.521284097,-0.336733985,-0.00020264,0.423126459,0.368419709,0.666209201,-0.423126459,-0.000129886,0.302614154,0.318694399,0.444728972,-0.302614154,-0.000170651,0.338532933,0.321849742,0.482652948,-0.338532933,-0.000143844,0.318133931,0.307923412,0.474906419,-0.318133931,-0.000217753,0.467318332,0.466623742,0.666722662,-0.467318332,-0.000228587,0.479704021,0.44202639,0.681402569,-0.479704021,-0.000259324,0.482759232,0.473271496,0.719626111,-0.482759232,-0.000232746,0.481830467,0.467824578,0.684909528,-0.481830467,-0.000237291,0.429742912,0.448826449,0.610728521,-0.429742912,-5.22784E-05,0.240982062,0.353891189,0.456952203,-0.240982062,-0.000326238,0.510962523,0.523098615,0.721368046,-0.510962523,-0.000144919,0.312442759,0.300441182,0.438848185,-0.312442759,-0.000258925,0.399095908,0.343860507,0.582042096,-0.399095908,-0.000248701,0.420162353,0.405418753,0.58757443,-0.420162353,-0.000204191,0.493385946,0.489880517,0.708853655,-0.493385946,-0.000148353,0.438414445,0.44823678,0.627745061,-0.438414445,-0.000170387,0.464568533,0.485681479,0.640238566,-0.464568533,-0.000119016,0.427324853,0.457565042,0.61572878,-0.427324853,-0.000135542,0.389017567,0.399052554,0.568148483,-0.389017567,-0.000135213,0.465581091,0.470294387,0.657737767,-0.465581091,-0.000124125,0.464521065,0.490164423,0.638106902,-0.464521065,-0.000134338,0.452365852,0.444004708,0.658813921,-0.452365852,-0.000126625,0.357969152,0.381453094,0.526052377,-0.357969152,-0.000568189,0.532872487,0.512864008,0.733242003,-0.532872487,-0.000682421,0.544277083,0.519892517,0.754876003,-0.544277083,-0.000337359,0.526335268,0.50200832,0.749351047,-0.526335268,-0.000412745,0.481505903,0.466925118,0.681635716,-0.481505903,-0.000228095,0.468725517,0.452621382,0.64641899,-0.468725517,-0.000288948,0.46317653,0.429398015,0.657858921,-0.46317653,-0.000279522,0.472018737,0.471756505,0.643297299,-0.472018737,-0.000394091,0.479384357,0.435718169,0.650612199,-0.479384357,-0.000248254,0.475250803,0.463109625,0.659089562,-0.475250803
buffer_7,7,2Z9V-0LH-XS78,"15°36'31.616""S","40°40'53.624""W",4.5,10.8,6750,112.5,8.1,5062.5,84.375,-3.31131E-05,0.169283734,0.271052015,0.424644882,-0.169283734,-0.000187115,0.446839398,0.392515586,0.666121787,-0.446839398,-0.000142506,0.377296856,0.348444032,0.557720808,-0.377296856,-0.000182946,0.285902971,0.231506889,0.355930501,-0.285902971,-0.000145344,0.305538793,0.276404145,0.396607158,-0.305538793,-0.000107242,0.272739155,0.2495482,0.369817711,-0.272739155,-5.69565E-05,0.172718872,0.198297666,0.25950635,-0.172718872,-0.00016889,0.298460491,0.214855584,0.371528734,-0.298460491,-0.000152433,0.298455369,0.298333517,0.450644579,-0.298455369,-0.000151532,0.329876726,0.344349802,0.513077161,-0.329876726,-0.000204817,0.329323722,0.261233801,0.443364308,-0.329323722,-0.000201474,0.332278746,0.27347473,0.419418199,-0.332278746,-0.00012792,0.252712223,0.21913089,0.339676422,-0.252712223,-7.55923E-05,0.228280371,0.194550704,0.332159612,-0.228280371,-0.00023781,0.28282215,0.226446687,0.340684145,-0.28282215,-7.95931E-05,0.20469042,0.19856218,0.283608298,-0.20469042,-0.000141548,0.289731211,0.244499801,0.380740353,-0.289731211,-0.000201711,0.38541367,0.354973511,0.575474358,-0.38541367,-0.000209791,0.366224289,0.330405515,0.551169336,-0.366224289,-0.000223723,0.376356821,0.322200224,0.566293655,-0.376356821,-0.000195296,0.354668149,0.301119038,0.526286585,-0.354668149,-0.000137007,0.316744676,0.336230788,0.513197673,-0.316744676,-0.000118851,0.33663276,0.28694746,0.494339473,-0.33663276,-0.000141343,0.343165958,0.328514892,0.520322372,-0.343165958,-0.000167535,0.353438194,0.336430303,0.519564059,-0.353438194,-0.000139819,0.340270869,0.327686625,0.506954482,-0.340270869,-3.36154E-05,0.175704434,0.32272471,0.410940779,-0.175704434,-0.000236592,0.461922587,0.441224557,0.639754924,-0.461922587,-0.00024297,0.4692586,0.476623492,0.666853621,-0.4692586,-0.000241155,0.472113096,0.474609168,0.651463269,-0.472113096,-0.000319229,0.458626291,0.467911477,0.694116534,-0.458626291,-0.000439462,0.404726576,0.3526058,0.540976951,-0.404726576,-0.00036518,0.493457158,0.521025051,0.683803675,-0.493457158,-0.000130615,0.330327703,0.310089055,0.467454095,-0.330327703,-0.000251079,0.423711234,0.367626374,0.636124094,-0.423711234,-0.000283686,0.457320249,0.439964253,0.635288413,-0.457320249,-0.000200825,0.49455971,0.498857834,0.682695287,-0.49455971,-0.000176008,0.454662075,0.480507224,0.633699255,-0.454662075,-0.000177527,0.474834766,0.501178981,0.62675895,-0.474834766,-0.000119125,0.424332878,0.437589486,0.602883414,-0.424332878,-0.000223013,0.445890442,0.438934944,0.595807099,-0.445890442,-0.000137198,0.45951487,0.467459379,0.64148484,-0.45951487,-0.000131211,0.465529398,0.493568639,0.636747701,-0.465529398,-0.000146358,0.468458469,0.453445629,0.639837562,-0.468458469,-0.00013729,0.362736471,0.387844203,0.528042943,-0.362736471,-0.000553227,0.516217362,0.493234351,0.698566131,-0.516217362,-0.000564625,0.537541499,0.523644012,0.732909171,-0.537541499,-0.00031882,0.522121109,0.49867187,0.740743439,-0.522121109,-0.000340454,0.484005854,0.472397953,0.692748869,-0.484005854,-0.000288005,0.459398003,0.427601886,0.636265655,-0.459398003,-0.000271022,0.441674389,0.40758036,0.628211974,-0.441674389,-0.000312262,0.463281093,0.433394766,0.620037579,-0.463281093,-0.000406337,0.453022524,0.4098986,0.601221605,-0.453022524,-0.000216519,0.441826343,0.420098324,0.613446444,-0.441826343
buffer_8,8,2Z9V-0LH-BTTN,"15°36'30.837""S","40°40'49.185""W",4.4,10.56,6600,110,7.92,4950,82.5,-3.97968E-05,0.194068968,0.282357123,0.44446979,-0.194068968,-0.000184349,0.433523197,0.369299635,0.642965562,-0.433523197,-0.000144455,0.368923296,0.333880757,0.53947548,-0.368923296,-0.000185131,0.277581006,0.223716016,0.343216603,-0.277581006,-0.000169423,0.298496645,0.251472155,0.386134777,-0.298496645,-0.000118262,0.273908897,0.241842828,0.34936532,-0.273908897,-6.00997E-05,0.170310662,0.197520664,0.279290958,-0.170310662,-0.000182252,0.265303137,0.22500519,0.337831676,-0.265303137,-0.000212284,0.301534217,0.289857556,0.437566807,-0.301534217,-0.0001508,0.313932143,0.319469193,0.491620511,-0.313932143,-0.000207294,0.326318877,0.253058126,0.441859308,-0.326318877,-0.000188334,0.317584996,0.259704728,0.418791159,-0.317584996,-0.000134802,0.272974854,0.209591833,0.360433853,-0.272974854,-0.000343521,0.294538195,0.217380893,0.338844753,-0.294538195,-0.000265104,0.284010838,0.220211481,0.345936493,-0.284010838,-8.31013E-05,0.179872537,0.171516198,0.270067629,-0.179872537,-0.000148185,0.293535717,0.253732777,0.378738006,-0.293535717,-0.000227385,0.382121539,0.359444181,0.559344977,-0.382121539,-0.000220241,0.360935168,0.308610817,0.519060717,-0.360935168,-0.000220208,0.379731183,0.315143342,0.534417683,-0.379731183,-0.000172463,0.345178278,0.30442823,0.503940513,-0.345178278,-0.000141805,0.321360513,0.334688252,0.499859208,-0.321360513,-7.98544E-05,0.310028468,0.261518617,0.486294259,-0.310028468,-0.000146008,0.342700522,0.326330827,0.498590663,-0.342700522,-0.000177459,0.363333664,0.309858707,0.517365984,-0.363333664,-0.000142155,0.333828594,0.305924249,0.486389335,-0.333828594,-0.000220269,0.465689947,0.448390395,0.649716282,-0.465689947,-0.000295766,0.483036569,0.471092149,0.660970229,-0.483036569,-0.000295003,0.495358902,0.478621762,0.684596437,-0.495358902,-0.000232544,0.493163594,0.480122705,0.694171085,-0.493163594,-0.000255875,0.463900441,0.423947374,0.668417411,-0.463900441,-4.7142E-05,0.20215539,0.327017038,0.392049041,-0.20215539,-0.000346547,0.475795185,0.483648387,0.661214177,-0.475795185,-0.000143229,0.338209052,0.318783585,0.486371427,-0.338209052,-0.000325904,0.437161421,0.379748771,0.638431178,-0.437161421,-0.000313112,0.455871923,0.428467935,0.63844799,-0.455871923,-0.000213086,0.498494546,0.490330828,0.703552336,-0.498494546,-0.000150181,0.441396034,0.482193059,0.62721886,-0.441396034,-0.000176909,0.457961593,0.479311897,0.612626193,-0.457961593,-0.000136183,0.438583179,0.455440202,0.602656143,-0.438583179,-0.000219816,0.403381102,0.412401083,0.530768007,-0.403381102,-0.000143556,0.44490312,0.469319672,0.610494843,-0.44490312,-0.0001404,0.456064045,0.457872181,0.610812827,-0.456064045,-0.000167596,0.479695097,0.451298953,0.63826372,-0.479695097,-0.000145979,0.378769697,0.415863338,0.535312117,-0.378769697,-0.00063655,0.514448641,0.479708853,0.677239032,-0.514448641,-0.000570989,0.518147805,0.491540427,0.720626054,-0.518147805,-0.000341625,0.515454723,0.490504124,0.730982641,-0.515454723,-0.000413077,0.473769193,0.454207188,0.683397357,-0.473769193,-0.00033808,0.437128035,0.426045535,0.614466763,-0.437128035,-0.000352284,0.446937966,0.401916158,0.607131374,-0.446937966,-0.000310517,0.450446195,0.442082941,0.597914925,-0.450446195,-0.000150228,0.348838189,0.319491067,0.506004825,-0.348838189,-0.000210842,0.435740982,0.418302519,0.616882,-0.435740982
buffer_9,9,2Z9V-0LH-TBM0,"15°36'29.727""S","40°40'52.741""W",3.5,8.4,5250,87.5,6.3,3937.5,65.625,-3.83799E-05,0.188653188,0.307847234,0.456056524,-0.188653188,-0.000165402,0.444767038,0.397600218,0.670941025,-0.444767038,-0.000151405,0.388824698,0.36499054,0.579694422,-0.388824698,-0.000189719,0.273741032,0.226599466,0.3488052,-0.273741032,-0.00015927,0.30205327,0.27348127,0.40099938,-0.30205327,-0.000111329,0.275181139,0.262539715,0.38875011,-0.275181139,-6.83937E-05,0.206900295,0.242116821,0.28317923,-0.206900295,-0.000234374,0.305843934,0.256237488,0.384119183,-0.305843934,-0.000189158,0.319304831,0.316110834,0.482833351,-0.319304831,-0.000153515,0.342433612,0.341532899,0.538885753,-0.342433612,-0.000223264,0.345866767,0.271467259,0.470351024,-0.345866767,-0.000175364,0.320156602,0.265050409,0.439860328,-0.320156602,-0.000158841,0.280381068,0.234160662,0.362412352,-0.280381068,-0.000286122,0.295555309,0.203344667,0.352269841,-0.295555309,-0.000186579,0.290095658,0.220723627,0.359813333,-0.290095658,-7.91708E-05,0.205274888,0.16866831,0.285898894,-0.205274888,-0.000154642,0.290413555,0.25549245,0.38709695,-0.290413555,-0.000206137,0.392087696,0.368560019,0.582917855,-0.392087696,-0.00024276,0.387132783,0.335369929,0.564510652,-0.387132783,-0.000252029,0.396479562,0.327109441,0.571331941,-0.396479562,-0.000205388,0.365121127,0.316681593,0.532795252,-0.365121127,-0.000136913,0.333562034,0.359742267,0.544068765,-0.333562034,-0.000132697,0.331795169,0.274432748,0.486491816,-0.331795169,-0.000133357,0.346863756,0.348191681,0.533651397,-0.346863756,-0.000174133,0.363517597,0.336498478,0.531538881,-0.363517597,-0.000143292,0.339257379,0.328378775,0.512435229,-0.339257379,-4.09053E-05,0.229776366,0.354531015,0.462776921,-0.229776366,-0.000246559,0.504868004,0.474235037,0.722079149,-0.504868004,-0.000260938,0.517932063,0.493091988,0.732721737,-0.517932063,-0.000257123,0.496385385,0.502098746,0.709063517,-0.496385385,-0.000203903,0.461869068,0.438862761,0.689505982,-0.461869068,-0.000253558,0.371684322,0.342838521,0.512414814,-0.371684322,-0.00032428,0.476837953,0.480507817,0.675676419,-0.476837953,-0.000142198,0.334884692,0.331331824,0.501082877,-0.334884692,-0.000349314,0.472273141,0.416493894,0.68684995,-0.472273141,-0.000297095,0.469420352,0.473969245,0.680824558,-0.469420352,-0.000231665,0.529136928,0.534330152,0.756596248,-0.529136928,-0.000170429,0.457878122,0.480621502,0.649348824,-0.457878122,-0.000196765,0.496963083,0.521889302,0.673805057,-0.496963083,-0.000139057,0.455724608,0.482062876,0.662369127,-0.455724608,-0.000185775,0.451830027,0.444445575,0.63401991,-0.451830027,-0.000148541,0.477824475,0.483789397,0.668826135,-0.477824475,-0.000143849,0.486364652,0.525670539,0.677012814,-0.486364652,-0.000157383,0.4833722,0.459858525,0.680829353,-0.4833722,-0.000139684,0.374938857,0.403936873,0.544431156,-0.374938857,-0.000495296,0.507688659,0.479275258,0.688961484,-0.507688659,-0.000491915,0.518743242,0.494650647,0.737937721,-0.518743242,-0.000332953,0.512028801,0.481922681,0.728217576,-0.512028801,-0.00036784,0.479244283,0.457775701,0.688588757,-0.479244283,-0.000278721,0.44208224,0.448079414,0.635655623,-0.44208224,-0.000279863,0.456315138,0.426223995,0.632452362,-0.456315138,-0.000258731,0.478168743,0.467315725,0.636238549,-0.478168743,-0.00035442,0.474870125,0.43416788,0.628020273,-0.474870125,-0.000193691,0.448775759,0.441595444,0.65079558,-0.448775759
buffer_10,10,2Z9V-0LH-GZAG,"15°36'28.681""S","40°40'49.470""W",4,9.6,6000,100,7.2,4500,75,-5.60973E-05,0.267259187,0.332661153,0.514501951,-0.267259187,-0.000205436,0.457643659,0.407447872,0.679012548,-0.457643659,-0.000137908,0.374231034,0.342613573,0.558445086,-0.374231034,-0.000188388,0.303372177,0.255819767,0.387735178,-0.303372177,-0.000170229,0.321232301,0.292517569,0.4298438,-0.321232301,-0.000130184,0.296841498,0.27481328,0.39641108,-0.296841498,-6.3034E-05,0.188243576,0.227501244,0.279591486,-0.188243576,-0.000202867,0.318355689,0.259351459,0.403274998,-0.318355689,-0.000202091,0.332259127,0.347013088,0.494044468,-0.332259127,-0.000169854,0.363348651,0.364711271,0.552618667,-0.363348651,-0.000218271,0.351346788,0.277891164,0.485091176,-0.351346788,-0.00020387,0.350073706,0.281490859,0.473512514,-0.350073706,-0.00017312,0.302233353,0.240690189,0.393509523,-0.302233353,-0.000343734,0.319627656,0.244285192,0.382742337,-0.319627656,-0.000210068,0.296731877,0.233386861,0.365268008,-0.296731877,-8.93937E-05,0.197311241,0.196391095,0.30839677,-0.197311241,-0.0001689,0.306883309,0.263133807,0.398079227,-0.306883309,-0.000217553,0.396661625,0.376166295,0.582996485,-0.396661625,-0.000232492,0.372835433,0.323216497,0.535975416,-0.372835433,-0.000240545,0.382827584,0.315810833,0.558491835,-0.382827584,-0.000195517,0.347793042,0.299529844,0.517232414,-0.347793042,-0.000148161,0.334361233,0.344138976,0.526164967,-0.334361233,-0.000131855,0.327256458,0.261859109,0.457776512,-0.327256458,-0.000143954,0.349704722,0.352485112,0.519762546,-0.349704722,-0.000165926,0.360072687,0.323114484,0.524627783,-0.360072687,-0.000148276,0.33684228,0.321364223,0.498060802,-0.33684228,-9.92512E-05,0.363298531,0.411326258,0.580868059,-0.363298531,-0.000292025,0.489442469,0.480965365,0.698167366,-0.489442469,-0.000287912,0.501302195,0.503871657,0.723151637,-0.501302195,-0.000235498,0.494271188,0.470274964,0.697635644,-0.494271188,-0.000243415,0.478655652,0.442764277,0.661370365,-0.478655652,-4.45759E-05,0.220380965,0.332085436,0.419470977,-0.220380965,-0.000354093,0.480402492,0.490516598,0.66772073,-0.480402492,-0.000150602,0.35757584,0.353057318,0.522327241,-0.35757584,-0.000322741,0.464256754,0.413665996,0.687889797,-0.464256754,-0.000340406,0.485225589,0.481789368,0.684047141,-0.485225589,-0.000228799,0.499006001,0.507367831,0.703035919,-0.499006001,-0.000164323,0.44550961,0.468352823,0.644802907,-0.44550961,-0.000203439,0.496155189,0.513468294,0.662782578,-0.496155189,-0.000146202,0.465263989,0.487806655,0.655776806,-0.465263989,-0.000198588,0.418508283,0.413382613,0.597439943,-0.418508283,-0.00015325,0.473792642,0.489342313,0.655128005,-0.473792642,-0.000139864,0.477159653,0.510040302,0.654731776,-0.477159653,-0.000152015,0.476637296,0.456411189,0.672174002,-0.476637296,-0.000161636,0.394372631,0.423462454,0.558381316,-0.394372631,-0.000574272,0.504616346,0.479848645,0.683055069,-0.504616346,-0.000558994,0.535456484,0.509780595,0.73560378,-0.535456484,-0.000363869,0.523358252,0.492789141,0.73621248,-0.523358252,-0.00044717,0.515904141,0.508087284,0.74022954,-0.515904141,-0.000383876,0.502650279,0.484756352,0.675815611,-0.502650279,-0.000361698,0.498663177,0.470312673,0.691064066,-0.498663177,-0.000363078,0.514322017,0.50359445,0.689417712,-0.514322017,-7.08864E-05,0.32640769,0.40610803,0.566188176,-0.32640769,-0.000262139,0.482070002,0.479105272,0.672007589,-0.482070002
buffer_11,11,2Z9V-0LH-1CCT,"15°36'27.490""S","40°40'53.233""W",3,7.2,4500,75,5.4,3375,56.25,-4.91706E-05,0.237152356,0.324634232,0.489348917,-0.237152356,-0.000176654,0.441147246,0.377424704,0.655415672,-0.441147246,-0.000152036,0.372373452,0.330006234,0.541694771,-0.372373452,-0.000225429,0.302134443,0.239425338,0.373585786,-0.302134443,-0.000164724,0.315606482,0.286463561,0.422992069,-0.315606482,-0.0001433,0.304047188,0.284859393,0.40451198,-0.304047188,-6.35498E-05,0.183260387,0.236806162,0.249278006,-0.183260387,-0.000219569,0.305260186,0.247968559,0.393039012,-0.305260186,-0.000208127,0.327914645,0.324661312,0.476708698,-0.327914645,-0.000196879,0.362463588,0.380652247,0.558241013,-0.362463588,-0.000231549,0.33779551,0.264119607,0.46449221,-0.33779551,-0.000214581,0.330679264,0.269091065,0.430924316,-0.330679264,-0.000177809,0.292853459,0.223912169,0.367549055,-0.292853459,-0.000278754,0.300104136,0.209826109,0.359784531,-0.300104136,-0.000108332,0.254719601,0.218809963,0.349129714,-0.254719601,-9.03424E-05,0.200429154,0.180367398,0.304041735,-0.200429154,-0.000174212,0.311271067,0.27116157,0.41015817,-0.311271067,-0.000191939,0.375199787,0.365880078,0.556054679,-0.375199787,-0.000252263,0.359725575,0.31922261,0.520722051,-0.359725575,-0.0002344,0.379012619,0.285133185,0.545282669,-0.379012619,-0.000241816,0.344883334,0.302338824,0.503992415,-0.344883334,-0.000151393,0.327810042,0.344853645,0.518650575,-0.327810042,-0.000131744,0.302023925,0.255390321,0.419865578,-0.302023925,-0.000132282,0.328623688,0.336437729,0.484771376,-0.328623688,-0.000166097,0.343824131,0.301888363,0.488893042,-0.343824131,-0.00013972,0.311715111,0.305830609,0.469927858,-0.311715111,-6.55176E-05,0.308676608,0.367939895,0.537131091,-0.308676608,-0.000303753,0.484527143,0.46016657,0.665934165,-0.484527143,-0.000290295,0.497002532,0.49641001,0.707402908,-0.497002532,-0.000278317,0.479889332,0.456684206,0.667167211,-0.479889332,-0.000233378,0.484502729,0.450130944,0.650809047,-0.484502729,-0.000612117,0.406520982,0.350874756,0.52073448,-0.406520982,-0.000266481,0.456438297,0.494152924,0.642864982,-0.456438297,-0.000161321,0.355634616,0.337871676,0.508874245,-0.355634616,-0.000315325,0.470497586,0.399423296,0.677260109,-0.470497586,-0.000339605,0.479023566,0.451322156,0.683180198,-0.479023566,-0.000204977,0.486417155,0.491747472,0.699316329,-0.486417155,-0.000210695,0.47896882,0.464965922,0.644723693,-0.47896882,-0.000202168,0.486475282,0.499473477,0.643498429,-0.486475282,-0.000148354,0.459707465,0.477500861,0.63305297,-0.459707465,-0.000214583,0.450012729,0.434890157,0.621832356,-0.450012729,-0.000144539,0.482056597,0.485610638,0.666301842,-0.482056597,-0.000143988,0.491996839,0.508722969,0.652333771,-0.491996839,-0.000180636,0.48948569,0.483550302,0.663071625,-0.48948569,-0.000160108,0.396303415,0.414933504,0.542606973,-0.396303415,-0.000531086,0.496047919,0.46775429,0.665753415,-0.496047919,-0.00058979,0.516171587,0.49511064,0.693538441,-0.516171587,-0.000310102,0.500356323,0.476645791,0.711654551,-0.500356323,-0.000480986,0.528092366,0.533728887,0.725258298,-0.528092366,-0.000323399,0.505374454,0.485261901,0.698621893,-0.505374454,-0.000304804,0.503051585,0.478875078,0.720281837,-0.503051585,-0.000347972,0.525073347,0.53257586,0.726099729,-0.525073347,-0.000503217,0.539670633,0.504764187,0.739476191,-0.539670633,-0.000129301,0.418879494,0.453534515,0.640878721,-0.418879494
buffer_12,12,2Z9V-0LH-7YS8,"15°36'27.042""S","40°40'50.404""W",2.8,6.72,4200,70,5.04,3150,52.5,-8.27778E-05,0.343119742,0.349396267,0.549661854,-0.343119742,-0.000175631,0.441539863,0.394232091,0.661547122,-0.441539863,-0.000166682,0.392485059,0.350563717,0.563478599,-0.392485059,-0.000169728,0.305268329,0.254515248,0.397551329,-0.305268329,-0.000136799,0.301631936,0.264570875,0.417095472,-0.301631936,-0.000124737,0.309599304,0.273819302,0.412919246,-0.309599304,-5.80263E-05,0.169569372,0.208637067,0.286722974,-0.169569372,-0.000200632,0.319812635,0.2369707,0.397206787,-0.319812635,-0.000229291,0.336944497,0.350159681,0.497612085,-0.336944497,-0.000171548,0.363703024,0.383693717,0.5478337,-0.363703024,-0.000237193,0.349682806,0.27380853,0.484469108,-0.349682806,-0.000227223,0.343742177,0.303967274,0.473267534,-0.343742177,-0.000163307,0.297500159,0.248749279,0.393136433,-0.297500159,-0.000291939,0.318536769,0.227271972,0.383216095,-0.318536769,-0.000142477,0.285734332,0.24143554,0.376638429,-0.285734332,-9.97802E-05,0.197621726,0.20557764,0.299194006,-0.197621726,-0.000155181,0.300339818,0.256129841,0.40513263,-0.300339818,-0.000221452,0.380393146,0.362072798,0.563611353,-0.380393146,-0.000250355,0.37609268,0.326056672,0.540962499,-0.37609268,-0.000270279,0.408223159,0.326620926,0.564260103,-0.408223159,-0.000181316,0.365384537,0.298707813,0.533428401,-0.365384537,-0.000135839,0.329926506,0.351284595,0.53046883,-0.329926506,-0.000132333,0.321431254,0.274141751,0.44151321,-0.321431254,-0.000146725,0.34638065,0.355176104,0.503493745,-0.34638065,-0.000173215,0.361198464,0.323012886,0.520489281,-0.361198464,-0.00015067,0.329061348,0.323097485,0.489172376,-0.329061348,-5.04838E-05,0.268951571,0.342132608,0.447964182,-0.268951571,-0.000289226,0.486782903,0.469571065,0.679045667,-0.486782903,-0.000287063,0.496002628,0.501255318,0.688393335,-0.496002628,-0.000272403,0.495751463,0.487309286,0.673514006,-0.495751463,-0.000260798,0.487878156,0.465488598,0.649379967,-0.487878156,-9.4225E-05,0.273016858,0.363056323,0.451918199,-0.273016858,-0.000327153,0.492981382,0.492621593,0.696220485,-0.492981382,-0.000147361,0.358415427,0.347120056,0.522201029,-0.358415427,-0.00031655,0.474405657,0.413923042,0.697231358,-0.474405657,-0.000373625,0.494976539,0.469093378,0.682652993,-0.494976539,-0.000239219,0.505970441,0.505140772,0.688575513,-0.505970441,-0.000116672,0.425542289,0.470551902,0.629766384,-0.425542289,-0.000206409,0.484116347,0.516674671,0.660078016,-0.484116347,-0.000146596,0.45973681,0.482669777,0.645805225,-0.45973681,-0.000197162,0.43359799,0.425775286,0.614108503,-0.43359799,-0.000147143,0.48888592,0.496524433,0.673066922,-0.48888592,-0.000139234,0.482944248,0.499899195,0.667687815,-0.482944248,-0.000175403,0.497303375,0.488396999,0.677453847,-0.497303375,-0.000151073,0.385911296,0.40274356,0.535469409,-0.385911296,-0.000572183,0.52419596,0.486595104,0.706473854,-0.52419596,-0.000581504,0.537539637,0.511323251,0.746583685,-0.537539637,-0.000355245,0.52072639,0.502361953,0.740126162,-0.52072639,-0.00045506,0.534917872,0.548597841,0.762196137,-0.534917872,-0.000309605,0.518193921,0.499083849,0.718538973,-0.518193921,-0.000339198,0.517971835,0.484741601,0.730030648,-0.517971835,-0.000327249,0.525675945,0.51607806,0.74753925,-0.525675945,-9.8102E-05,0.386604034,0.442449186,0.616923052,-0.386604034,-0.000248896,0.481975109,0.487238292,0.705935645,-0.481975109
buffer_13,13,2Z9V-0LH-Q01W,"15°36'25.620""S","40°40'52.045""W",3.5,8.4,5250,87.5,6.3,3937.5,65.625,-7.69238E-05,0.29481069,0.293635186,0.521369452,-0.29481069,-0.000171057,0.419042479,0.372590406,0.624545837,-0.419042479,-0.000149966,0.360881131,0.327728228,0.53330111,-0.360881131,-0.000219808,0.286480851,0.231263847,0.353959143,-0.286480851,-0.000183165,0.313508307,0.283282285,0.422007564,-0.313508307,-0.000135084,0.286667566,0.256647263,0.392104731,-0.286667566,-5.72458E-05,0.157574446,0.197188356,0.280680334,-0.157574446,-0.000225463,0.312673999,0.251961799,0.389925137,-0.312673999,-0.000224932,0.3198121,0.326583927,0.462338568,-0.3198121,-0.000168295,0.365083394,0.364039049,0.543494932,-0.365083394,-0.000250236,0.349215646,0.268823331,0.470839818,-0.349215646,-0.000265676,0.345801061,0.301484449,0.463076618,-0.345801061,-0.000190889,0.288786988,0.246521399,0.376511271,-0.288786988,-0.000327404,0.30737347,0.233795628,0.377914415,-0.30737347,-0.000117235,0.270679106,0.224931982,0.360447103,-0.270679106,-8.79089E-05,0.195214245,0.192109887,0.302810988,-0.195214245,-0.00016594,0.304497431,0.256534518,0.397708628,-0.304497431,-0.000203098,0.367756264,0.342429396,0.54818305,-0.367756264,-0.000262099,0.364780792,0.324323981,0.516361884,-0.364780792,-0.000286026,0.386228052,0.320153242,0.543240409,-0.386228052,-0.00025103,0.36036314,0.322669057,0.507389108,-0.36036314,-0.000133559,0.317233976,0.323789667,0.507489051,-0.317233976,-0.000120383,0.292338924,0.241429822,0.383400755,-0.292338924,-0.000133913,0.312457914,0.302643579,0.455696265,-0.312457914,-0.00016502,0.332830446,0.293336602,0.475538115,-0.332830446,-0.000148247,0.313034682,0.3039154,0.454306278,-0.313034682,-0.000172389,0.409066775,0.422181968,0.577188362,-0.409066775,-0.000272627,0.47574252,0.444842162,0.665350007,-0.47574252,-0.000318652,0.497711238,0.496331563,0.694604085,-0.497711238,-0.000266645,0.470598034,0.473625142,0.656019285,-0.470598034,-0.000250698,0.481248128,0.479345996,0.653916322,-0.481248128,-0.000353348,0.363674696,0.343540965,0.488913414,-0.363674696,-0.00035251,0.483440394,0.49418971,0.663500721,-0.483440394,-0.000156951,0.347731027,0.332851599,0.509960313,-0.347731027,-0.000335784,0.459499702,0.400795116,0.664169487,-0.459499702,-0.000365527,0.473263649,0.461085416,0.664411487,-0.473263649,-0.000225,0.508784051,0.505017773,0.701257299,-0.508784051,-0.000156128,0.449484944,0.470015399,0.635109873,-0.449484944,-0.000211393,0.480238777,0.503868375,0.640543674,-0.480238777,-0.000136415,0.449002812,0.44670749,0.625088889,-0.449002812,-0.000191513,0.436573783,0.428918031,0.590443705,-0.436573783,-0.000150009,0.474821883,0.473781494,0.65499946,-0.474821883,-0.000135909,0.475824295,0.492918983,0.647556969,-0.475824295,-0.000160942,0.483535295,0.470290591,0.659542232,-0.483535295,-0.000152025,0.370802628,0.417880669,0.52220211,-0.370802628,-0.000497479,0.507889697,0.481700045,0.679566803,-0.507889697,-0.000539327,0.520362273,0.504714471,0.727043709,-0.520362273,-0.000312416,0.510145607,0.489016359,0.723853984,-0.510145607,-0.000400819,0.526617126,0.526840312,0.746122638,-0.526617126,-0.000325277,0.502796965,0.498380387,0.703529894,-0.502796965,-0.000356464,0.516597571,0.489884146,0.728641216,-0.516597571,-0.000354623,0.530010439,0.532410877,0.734883355,-0.530010439,-0.000471235,0.541509028,0.51469585,0.741407491,-0.541509028,-0.000169108,0.445940363,0.444657712,0.674306695,-0.445940363
buffer_15,15,2Z9V-0LH-K6F1,"15°36'25.209""S","40°40'50.737""W",3.2,7.68,4800,80,5.76,3600,60,-4.25041E-05,0.210701553,0.278094597,0.442335721,-0.210701553,-0.000174477,0.426329554,0.39228904,0.637739947,-0.426329554,-0.000149313,0.371785064,0.349973182,0.54490797,-0.371785064,-0.00019002,0.295433603,0.250502318,0.376738983,-0.295433603,-0.000185438,0.309405988,0.28150532,0.423179514,-0.309405988,-0.000128735,0.291562756,0.260449391,0.398057163,-0.291562756,-6.69505E-05,0.177162986,0.248743321,0.298487223,-0.177162986,-0.00020352,0.306666133,0.245737756,0.396691244,-0.306666133,-0.000218824,0.326284933,0.332321382,0.482449466,-0.326284933,-0.000169724,0.365206668,0.378654411,0.546069825,-0.365206668,-0.000234921,0.34896214,0.271074615,0.483427812,-0.34896214,-0.000234842,0.328250115,0.293034528,0.454201059,-0.328250115,-0.000189962,0.298652913,0.252473858,0.391502692,-0.298652913,-0.000319854,0.318822553,0.22975293,0.384800944,-0.318822553,-0.000168444,0.295432989,0.237457526,0.380759517,-0.295432989,-9.68121E-05,0.210454401,0.20941054,0.31332464,-0.210454401,-0.000170943,0.319374199,0.276498378,0.413563991,-0.319374199,-0.000211492,0.386703126,0.360671284,0.561915987,-0.386703126,-0.000245687,0.364481562,0.321391812,0.521139814,-0.364481562,-0.000267626,0.386273335,0.323237885,0.542456029,-0.386273335,-0.000228019,0.351296061,0.322724197,0.496881283,-0.351296061,-0.000127249,0.316900035,0.323411009,0.51193087,-0.316900035,-0.000130259,0.309985636,0.253223252,0.407340605,-0.309985636,-0.000138241,0.32424469,0.323097665,0.468696483,-0.32424469,-0.000166461,0.338758363,0.301517495,0.486304447,-0.338758363,-0.000152422,0.316440977,0.309486924,0.456953597,-0.316440977,-9.18735E-05,0.347690661,0.359059578,0.52466478,-0.347690661,-0.000298484,0.494069598,0.468697939,0.677031993,-0.494069598,-0.000284971,0.491684583,0.500309639,0.706488782,-0.491684583,-0.000257149,0.422309441,0.427394062,0.590719995,-0.422309441,-0.000266768,0.470492505,0.472078059,0.650741283,-0.470492505,-0.000141234,0.300311834,0.332995939,0.463278897,-0.300311834,-0.000377243,0.485728477,0.502744508,0.671923447,-0.485728477,-0.000158862,0.354497279,0.341480788,0.508319737,-0.354497279,-0.000323664,0.458524354,0.400285785,0.660592424,-0.458524354,-0.000323389,0.465185488,0.44879669,0.644613766,-0.465185488,-0.000211099,0.504472932,0.497865166,0.703510528,-0.504472932,-0.000118056,0.418171733,0.46155141,0.625485468,-0.418171733,-0.000201484,0.480188223,0.497701197,0.644437177,-0.480188223,-0.000145727,0.455199121,0.484328288,0.634553447,-0.455199121,-0.000238305,0.45369591,0.438620374,0.610776991,-0.45369591,-0.000157798,0.479802286,0.494668676,0.643793966,-0.479802286,-0.000136982,0.478138688,0.512670382,0.657113384,-0.478138688,-0.000168221,0.498436675,0.475239496,0.663323031,-0.498436675,-0.000165555,0.392073857,0.425899885,0.534972924,-0.392073857,-0.000581814,0.522861157,0.490609689,0.687117784,-0.522861157,-0.000511892,0.516636377,0.509862393,0.721768348,-0.516636377,-0.00029578,0.491999159,0.481753318,0.704753462,-0.491999159,-0.000417733,0.525273526,0.513809997,0.746935108,-0.525273526,-0.0003163,0.504192786,0.499997994,0.694623748,-0.504192786,-0.000370298,0.520698217,0.488677354,0.727265713,-0.520698217,-0.000331652,0.533348661,0.539729701,0.733546838,-0.533348661,-0.000247302,0.468094075,0.454854476,0.701168827,-0.468094075,-0.000315449,0.50310019,0.484531286,0.712349745,-0.50310019
buffer_16,16,2Z9V-0LH-KR5Z,"15°36'23.669""S","40°40'50.124""W",4,9.6,6000,100,7.2,4500,75,-3.59972E-05,0.187823467,0.274505193,0.416052369,-0.187823467,-0.000189906,0.442702608,0.406779563,0.652564777,-0.442702608,-0.000142723,0.376200999,0.345070272,0.54101762,-0.376200999,-0.000193626,0.276613813,0.218175849,0.34297787,-0.276613813,-0.000150628,0.298429794,0.27923999,0.407147415,-0.298429794,-0.00011437,0.278935429,0.247965502,0.366954284,-0.278935429,-5.24616E-05,0.146869765,0.204371718,0.256425502,-0.146869765,-0.000186566,0.279592545,0.224494551,0.361958064,-0.279592545,-0.000178557,0.300417053,0.297457995,0.447929249,-0.300417053,-0.000162507,0.336523646,0.366381611,0.515460877,-0.336523646,-0.000225232,0.357227004,0.283525429,0.481774839,-0.357227004,-0.000279107,0.343009252,0.302273601,0.447292218,-0.343009252,-0.00016261,0.285888241,0.244335067,0.37330712,-0.285888241,-0.000299254,0.310283361,0.225007179,0.384206825,-0.310283361,-0.000235055,0.303351477,0.232799933,0.371378463,-0.303351477,-9.04653E-05,0.200266717,0.194834716,0.306694166,-0.200266717,-0.000159152,0.284401317,0.250792797,0.379601851,-0.284401317,-0.000178107,0.343826641,0.329328964,0.513303925,-0.343826641,-0.000220835,0.356192856,0.3171515,0.510156544,-0.356192856,-0.000252142,0.374100882,0.301361243,0.527351497,-0.374100882,-0.000218373,0.348092818,0.316551989,0.487892137,-0.348092818,-0.000135127,0.315253228,0.335602907,0.494754708,-0.315253228,-0.000138297,0.330204512,0.280335731,0.441070534,-0.330204512,-0.000139852,0.324767151,0.333674296,0.468598157,-0.324767151,-0.000158701,0.340329466,0.303186339,0.486407737,-0.340329466,-0.000147664,0.326710704,0.310911754,0.461252381,-0.326710704,-0.000143993,0.376154175,0.392405081,0.51622619,-0.376154175,-0.00027248,0.465237351,0.440280395,0.64712546,-0.465237351,-0.000267275,0.477276315,0.482078244,0.667507689,-0.477276315,-0.000167233,0.361341456,0.364053377,0.526351948,-0.361341456,-0.000231078,0.456783671,0.492733744,0.660546664,-0.456783671,-0.000121527,0.295183063,0.324670278,0.475366261,-0.295183063,-0.000348627,0.486328128,0.501290506,0.66844198,-0.486328128,-0.000137287,0.324846073,0.315775707,0.462647512,-0.324846073,-0.000273262,0.42582639,0.375036337,0.621476919,-0.42582639,-0.000291416,0.435465853,0.424693141,0.618543077,-0.435465853,-0.000213832,0.488213435,0.486289591,0.680796037,-0.488213435,-0.00011631,0.407803332,0.462917479,0.594014727,-0.407803332,-0.000203241,0.478103159,0.485383222,0.635152252,-0.478103159,-0.000141947,0.455992664,0.466436807,0.624655603,-0.455992664,-0.000245859,0.440352053,0.422609873,0.599464185,-0.440352053,-0.000146027,0.459608572,0.483339321,0.629986061,-0.459608572,-0.000143709,0.472545238,0.501088653,0.630282855,-0.472545238,-0.000163016,0.47609807,0.467879803,0.653022718,-0.47609807,-0.000148621,0.370460038,0.41092877,0.523264296,-0.370460038,-0.000500243,0.502207261,0.471988168,0.685185975,-0.502207261,-0.000517901,0.51938763,0.489069644,0.719943606,-0.51938763,-0.000322007,0.509794816,0.48601396,0.721421254,-0.509794816,-0.000382572,0.528740746,0.536433912,0.75413966,-0.528740746,-0.000331928,0.515535086,0.50736088,0.697868404,-0.515535086,-0.000342441,0.521613766,0.489704844,0.733884809,-0.521613766,-0.000314169,0.539335815,0.550280127,0.743473438,-0.539335815,-0.000162772,0.449299896,0.466103682,0.670237875,-0.449299896,-0.000307733,0.501192794,0.475035506,0.712254006,-0.501192794
buffer_17,17,2Z9V-0LH-AMGV,"15°36'24.330""S","40°40'51.817""W",3,7.2,4500,75,5.4,3375,56.25,-4.69965E-05,0.23018891,0.293764853,0.457581025,-0.23018891,-0.000179501,0.435083416,0.394311561,0.658503907,-0.435083416,-0.00015546,0.384337663,0.351630401,0.555183127,-0.384337663,-0.000188514,0.304390301,0.263931256,0.399850063,-0.304390301,-0.000163627,0.324410246,0.291053624,0.45183385,-0.324410246,-0.000126959,0.299938087,0.276057958,0.412309335,-0.299938087,-5.96585E-05,0.151986073,0.210020231,0.268563551,-0.151986073,-0.000214373,0.298068956,0.242145071,0.391880014,-0.298068956,-0.000208242,0.328052571,0.332437238,0.502756281,-0.328052571,-0.000165373,0.364557757,0.373134545,0.545403112,-0.364557757,-0.000239517,0.370376146,0.305887385,0.523541777,-0.370376146,-0.000231764,0.352404357,0.324037389,0.490709038,-0.352404357,-0.000165781,0.293160003,0.244030586,0.401786873,-0.293160003,-0.000291721,0.321926267,0.240405464,0.402577385,-0.321926267,-0.000226919,0.296756907,0.24537993,0.383295225,-0.296756907,-9.63119E-05,0.196063631,0.203854794,0.308601586,-0.196063631,-0.000171098,0.321437471,0.275727146,0.429288018,-0.321437471,-0.000202837,0.377688819,0.346630187,0.551578517,-0.377688819,-0.000244832,0.377408793,0.339789511,0.550409321,-0.377408793,-0.00026755,0.395209988,0.322852306,0.556410935,-0.395209988,-0.000206026,0.366497178,0.319838344,0.53866249,-0.366497178,-0.000138119,0.312578793,0.322246855,0.497388648,-0.312578793,-0.00014163,0.322897476,0.259254182,0.436038364,-0.322897476,-0.000147113,0.342499168,0.337914675,0.498222294,-0.342499168,-0.000178188,0.359638731,0.325730027,0.513773072,-0.359638731,-0.000152006,0.334590653,0.31462301,0.48644547,-0.334590653,-0.00019726,0.394289838,0.397257944,0.572227272,-0.394289838,-0.000282059,0.464633534,0.446760531,0.642753156,-0.464633534,-0.000304873,0.469999887,0.459986638,0.648441869,-0.469999887,-0.000243738,0.461861201,0.449391941,0.639839829,-0.461861201,-0.000251265,0.459379566,0.48271368,0.649487784,-0.459379566,-0.000210568,0.323299113,0.325088713,0.451771903,-0.323299113,-0.000335504,0.477319471,0.490593032,0.673858657,-0.477319471,-0.000166795,0.368722292,0.357924742,0.540181842,-0.368722292,-0.000345787,0.470423947,0.409878057,0.667936746,-0.470423947,-0.000326092,0.477397293,0.46792237,0.66607321,-0.477397293,-0.000210949,0.488351262,0.479076898,0.665349585,-0.488351262,-0.00015697,0.444453362,0.473786031,0.622985097,-0.444453362,-0.00021211,0.482585996,0.496835481,0.639868883,-0.482585996,-0.000140281,0.451248508,0.465696999,0.62905158,-0.451248508,-0.000226048,0.445845876,0.43579628,0.607077965,-0.445845876,-0.000156117,0.480941677,0.484725491,0.654356303,-0.480941677,-0.000146552,0.479041334,0.509685019,0.649353748,-0.479041334,-0.000164078,0.48909607,0.469924303,0.668844078,-0.48909607,-0.000145221,0.36077415,0.410278927,0.524921419,-0.36077415,-0.000542011,0.508883136,0.471397737,0.682901215,-0.508883136,-0.000476098,0.520864656,0.505924808,0.733012461,-0.520864656,-0.000314769,0.503710985,0.479503156,0.717908185,-0.503710985,-0.00040581,0.535536523,0.531315496,0.756766424,-0.535536523,-0.000325947,0.504156621,0.506058958,0.707306502,-0.504156621,-0.000332444,0.516777296,0.484790522,0.728069893,-0.516777296,-0.000327671,0.534754521,0.535006928,0.734617729,-0.534754521,-0.000534456,0.543274432,0.51551032,0.744068558,-0.543274432,-0.000180776,0.454687301,0.473234037,0.676535237,-0.454687301
buffer_2,2,2Z9V-0LH-F3F1,"15°36'35.844""S","40°40'53.004""W",3.5,8.4,5250,87.5,6.3,3937.5,65.625,-2.2263E-05,0.089401954,0.244665577,0.335781165,-0.089401954,-0.000133626,0.401571014,0.381003741,0.575749215,-0.401571014,-0.000123838,0.344077451,0.358147276,0.50881516,-0.344077451,-0.000214627,0.305294389,0.257244777,0.392308182,-0.305294389,-0.000200775,0.322298324,0.283762308,0.413711559,-0.322298324,-0.000160069,0.316151657,0.283167136,0.410759029,-0.316151657,-8.5992E-05,0.234593843,0.246442049,0.321870924,-0.234593843,-0.000343081,0.317476813,0.234319316,0.388779135,-0.317476813,-0.0001682,0.312642938,0.309306426,0.456345331,-0.312642938,-0.000175991,0.37966131,0.419366685,0.566690458,-0.37966131,-0.000271603,0.389421742,0.329321204,0.526737273,-0.389421742,-0.000275505,0.375215653,0.335779313,0.488894094,-0.375215653,-0.000221299,0.310189774,0.247596298,0.390908842,-0.310189774,-0.000109184,0.261018055,0.213787089,0.366306403,-0.261018055,-0.000584564,0.330404291,0.259859421,0.390940176,-0.330404291,-0.000111666,0.233349203,0.234523395,0.310563795,-0.233349203,-0.000233144,0.333866761,0.278593553,0.412204426,-0.333866761,-0.000215184,0.401261346,0.373329697,0.571456081,-0.401261346,-0.000235032,0.39646929,0.371530122,0.571148555,-0.39646929,-0.000307484,0.438491555,0.387140153,0.600917411,-0.438491555,-0.000254125,0.408808908,0.396276757,0.577708483,-0.408808908,-0.000146347,0.335341283,0.358104134,0.515707991,-0.335341283,-0.00020235,0.458434155,0.433184347,0.711090756,-0.458434155,-0.000134325,0.339956252,0.359581075,0.483744053,-0.339956252,-0.000156236,0.366738516,0.331037755,0.503957155,-0.366738516,-0.000137739,0.337875211,0.319218685,0.486379511,-0.337875211,-0.000210176,0.47742547,0.471449413,0.691457733,-0.47742547,-0.000291703,0.519051607,0.50456015,0.756248654,-0.519051607,-0.000290317,0.514765357,0.502485308,0.750532033,-0.514765357,-0.000267559,0.513099156,0.510427631,0.732977337,-0.513099156,-0.000350259,0.448374922,0.455208934,0.645053654,-0.448374922,-0.000156298,0.400339235,0.359125579,0.593423177,-0.400339235,-0.000382005,0.524313015,0.544774123,0.721663652,-0.524313015,-0.000134886,0.320669103,0.315446182,0.461660283,-0.320669103,-0.000259526,0.409891552,0.365267936,0.607954144,-0.409891552,-0.000272177,0.43685758,0.433226258,0.627428246,-0.43685758,-0.000229195,0.531906635,0.526029017,0.754687052,-0.531906635,-0.000218022,0.492607575,0.496247804,0.681326884,-0.492607575,-0.000211751,0.505767487,0.523202433,0.694129324,-0.505767487,-0.000142026,0.470304088,0.496355903,0.685563593,-0.470304088,-0.000161433,0.435300206,0.439890278,0.633295013,-0.435300206,-0.000150329,0.48498931,0.500763712,0.693299243,-0.48498931,-0.000145289,0.488628038,0.530577236,0.694767268,-0.488628038,-0.000169386,0.511837126,0.495470121,0.711217313,-0.511837126,-0.000168125,0.399104284,0.417498893,0.579811273,-0.399104284,-0.000605273,0.548833687,0.522694812,0.740581587,-0.548833687,-0.000533664,0.560994796,0.528209672,0.781591019,-0.560994796,-0.000358477,0.541279129,0.518591627,0.764887452,-0.541279129,-0.000410478,0.515631874,0.51244264,0.729438435,-0.515631874,-0.000338894,0.487337487,0.478154681,0.663321731,-0.487337487,-0.000338145,0.487924382,0.457037203,0.683037722,-0.487924382,-0.000283361,0.49830377,0.481802511,0.686274784,-0.49830377,-0.000404045,0.503892226,0.471082959,0.676761752,-0.503892226,-0.000212827,0.481221823,0.464102017,0.686229605,-0.481221823
